{"cameraMode":{"drawMode":0,"name":"Shaded","section":"Shading Mode"},"sceneLighting":false,"audioPlay":false,"sceneViewState":{"m_AlwaysRefresh":true,"showFog":true,"showSkybox":false,"showFlares":true,"showImageEffects":true,"showParticleSystems":true,"showVisualEffectGraphs":true,"m_FxEnabled":true},"in2DMode":false,"pivot":{"x":-0.015004188753664494,"y":0.029886502772569658,"z":-0.0018375335494056345},"rotation":{"x":-0.05431891232728958,"y":0.9376927614212036,"z":-0.2974873185157776,"w":-0.17121295630931855},"size":0.03365516662597656,"orthographic":false}