{"cameraMode":{"drawMode":0,"name":"Shaded","section":"Shading Mode"},"sceneLighting":false,"audioPlay":false,"sceneViewState":{"showFog":true,"showMaterialUpdate":true,"showSkybox":true,"showFlares":true,"showImageEffects":true,"showParticleSystems":true},"in2DMode":false,"pivot":{"x":171.15982055664063,"y":-234.69818115234376,"z":550.2240600585938},"rotation":{"x":-0.29293012619018557,"y":-0.08613526076078415,"z":0.026466749608516694,"w":-0.9519748687744141},"size":251.64749145507813,"orthographic":false}