{"cameraMode":{"drawMode":0,"name":"Shaded","section":"Shading Mode"},"sceneLighting":false,"audioPlay":false,"sceneViewState":{"showFog":true,"showMaterialUpdate":true,"showSkybox":true,"showFlares":true,"showImageEffects":true,"showParticleSystems":true},"in2DMode":false,"pivot":{"x":14.634554862976075,"y":18.60693359375,"z":17.606000900268556},"rotation":{"x":-0.028109870851039888,"y":0.967651903629303,"z":-0.21720850467681886,"w":-0.12522807717323304},"size":10.0,"orthographic":false}