{"cameraMode":{"drawMode":0,"name":"Shaded","section":"Shading Mode"},"sceneLighting":false,"audioPlay":false,"sceneViewState":{"m_AlwaysRefresh":true,"showFog":true,"showSkybox":false,"showFlares":true,"showImageEffects":true,"showParticleSystems":true,"showVisualEffectGraphs":true,"m_FxEnabled":true},"in2DMode":false,"pivot":{"x":-0.2139378786087036,"y":-0.03174716234207153,"z":-0.5222828388214111},"rotation":{"x":-0.032411299645900729,"y":0.9601429104804993,"z":-0.24752824008464814,"w":-0.12572091817855836},"size":1.0024968385696412,"orthographic":false}