{"cameraMode":{"drawMode":0,"name":"Shaded","section":"Shading Mode"},"sceneLighting":false,"audioPlay":false,"sceneViewState":{"m_AlwaysRefresh":true,"showFog":true,"showSkybox":false,"showFlares":true,"showImageEffects":true,"showParticleSystems":true,"showVisualEffectGraphs":true,"m_FxEnabled":true},"in2DMode":false,"pivot":{"x":-0.000002294778823852539,"y":0.027309764176607133,"z":4.284083843231201e-8},"rotation":{"x":0.13364318013191224,"y":-0.8270602822303772,"z":0.22144010663032533,"w":0.49913278222084048},"size":0.0284244567155838,"orthographic":false}