{"cameraMode":{"drawMode":0,"name":"Shaded","section":"Shading Mode"},"sceneLighting":false,"audioPlay":false,"sceneViewState":{"m_AlwaysRefresh":true,"showFog":true,"showSkybox":false,"showFlares":true,"showImageEffects":true,"showParticleSystems":true,"showVisualEffectGraphs":true,"m_FxEnabled":true},"in2DMode":false,"pivot":{"x":-0.014987954869866372,"y":0.029920825734734536,"z":-0.0016627012519165874},"rotation":{"x":0.09788232296705246,"y":-0.895741879940033,"z":0.35788702964782717,"w":0.24500809609889985},"size":0.03365455940365791,"orthographic":false}