{"cameraMode":{"drawMode":0,"name":"Shaded","section":"Shading Mode"},"sceneLighting":false,"audioPlay":false,"sceneViewState":{"m_AlwaysRefresh":true,"showFog":true,"showSkybox":false,"showFlares":true,"showImageEffects":true,"showParticleSystems":true,"showVisualEffectGraphs":true,"m_FxEnabled":true},"in2DMode":false,"pivot":{"x":-0.015029513277113438,"y":0.029920825734734536,"z":-0.002030421979725361},"rotation":{"x":0.10670001804828644,"y":0.8917076587677002,"z":-0.28142744302749636,"w":0.338086873292923},"size":0.03360298275947571,"orthographic":false}