{"cameraMode":{"drawMode":0,"name":"Shaded","section":"Shading Mode"},"sceneLighting":false,"audioPlay":false,"sceneViewState":{"m_AlwaysRefresh":true,"showFog":true,"showSkybox":true,"showFlares":true,"showImageEffects":true,"showParticleSystems":true,"showVisualEffectGraphs":true,"m_FxEnabled":true},"in2DMode":false,"pivot":{"x":-2.4806923866271974,"y":3.5018467903137209,"z":-6.8122053146362309},"rotation":{"x":0.42490315437316897,"y":0.05777795985341072,"z":-0.027180233970284463,"w":0.9029954671859741},"size":8.759893417358399,"orthographic":false}